--
-- PostgreSQL database dump
--

\restrict XysqDaL4tIR17l4rw5McumNjwpaI5Nf8Z9z8wdVYGXmIQ11EirLQl3pvZE8NBMJ

-- Dumped from database version 17.5 (6bc9ef8)
-- Dumped by pg_dump version 18.0

-- Started on 2025-11-01 17:07:16

SET statement_timeout = 0;
SET lock_timeout = 0;
SET idle_in_transaction_session_timeout = 0;
SET transaction_timeout = 0;
SET client_encoding = 'UTF8';
SET standard_conforming_strings = on;
SELECT pg_catalog.set_config('search_path', '', false);
SET check_function_bodies = false;
SET xmloption = content;
SET client_min_messages = warning;
SET row_security = off;

--
-- TOC entry 3519 (class 0 OID 65536)
-- Dependencies: 231
-- Data for Name: users; Type: TABLE DATA; Schema: public; Owner: neondb_owner
--

COPY public.users (id, name, email, email_verified, password_hash, image, created_at, updated_at) FROM stdin;
11111111-1111-1111-1111-111111111111	Carlos Silva	carlos@test.com	\N	$2a$10$sVugJaUKZMrodev0GwmyYOdKGnTm7T4ciO4/935r0.p1QhY9pXuB2	\N	2025-07-30 13:22:54.109506	2025-10-28 13:22:54.109506
22222222-2222-2222-2222-222222222222	João Santos	joao@test.com	\N	$2a$10$sVugJaUKZMrodev0GwmyYOdKGnTm7T4ciO4/935r0.p1QhY9pXuB2	\N	2025-08-04 13:22:54.109506	2025-10-28 13:22:54.109506
33333333-3333-3333-3333-333333333333	Pedro Costa	pedro@test.com	\N	$2a$10$sVugJaUKZMrodev0GwmyYOdKGnTm7T4ciO4/935r0.p1QhY9pXuB2	\N	2025-08-09 13:22:54.109506	2025-10-28 13:22:54.109506
44444444-4444-4444-4444-444444444444	Lucas Oliveira	lucas@test.com	\N	$2a$10$sVugJaUKZMrodev0GwmyYOdKGnTm7T4ciO4/935r0.p1QhY9pXuB2	\N	2025-08-14 13:22:54.109506	2025-10-28 13:22:54.109506
55555555-5555-5555-5555-555555555555	Fernando Lima	fernando@test.com	\N	$2a$10$sVugJaUKZMrodev0GwmyYOdKGnTm7T4ciO4/935r0.p1QhY9pXuB2	\N	2025-08-19 13:22:54.109506	2025-10-28 13:22:54.109506
66666666-6666-6666-6666-666666666666	Rafael Souza	rafael@test.com	\N	$2a$10$sVugJaUKZMrodev0GwmyYOdKGnTm7T4ciO4/935r0.p1QhY9pXuB2	\N	2025-08-24 13:22:54.109506	2025-10-28 13:22:54.109506
77777777-7777-7777-7777-777777777777	Marcelo Alves	marcelo@test.com	\N	$2a$10$sVugJaUKZMrodev0GwmyYOdKGnTm7T4ciO4/935r0.p1QhY9pXuB2	\N	2025-08-29 13:22:54.109506	2025-10-28 13:22:54.109506
88888888-8888-8888-8888-888888888888	Bruno Ferreira	bruno@test.com	\N	$2a$10$sVugJaUKZMrodev0GwmyYOdKGnTm7T4ciO4/935r0.p1QhY9pXuB2	\N	2025-09-03 13:22:54.109506	2025-10-28 13:22:54.109506
99999999-9999-9999-9999-999999999999	Diego Pereira	diego@test.com	\N	$2a$10$sVugJaUKZMrodev0GwmyYOdKGnTm7T4ciO4/935r0.p1QhY9pXuB2	\N	2025-09-08 13:22:54.109506	2025-10-28 13:22:54.109506
aaaaaaaa-aaaa-aaaa-aaaa-aaaaaaaaaaaa	Thiago Rodrigues	thiago@test.com	\N	$2a$10$sVugJaUKZMrodev0GwmyYOdKGnTm7T4ciO4/935r0.p1QhY9pXuB2	\N	2025-09-13 13:22:54.109506	2025-10-28 13:22:54.109506
bbbbbbbb-bbbb-bbbb-bbbb-bbbbbbbbbbbb	Gustavo Martins	gustavo@test.com	\N	$2a$10$sVugJaUKZMrodev0GwmyYOdKGnTm7T4ciO4/935r0.p1QhY9pXuB2	\N	2025-09-18 13:22:54.109506	2025-10-28 13:22:54.109506
cccccccc-cccc-cccc-cccc-cccccccccccc	André Barbosa	andre@test.com	\N	$2a$10$sVugJaUKZMrodev0GwmyYOdKGnTm7T4ciO4/935r0.p1QhY9pXuB2	\N	2025-09-23 13:22:54.109506	2025-10-28 13:22:54.109506
dddddddd-dddd-dddd-dddd-dddddddddddd	Felipe Araújo	felipe@test.com	\N	$2a$10$sVugJaUKZMrodev0GwmyYOdKGnTm7T4ciO4/935r0.p1QhY9pXuB2	\N	2025-09-28 13:22:54.109506	2025-10-28 13:22:54.109506
eeeeeeee-eeee-eeee-eeee-eeeeeeeeeeee	Rodrigo Cunha	rodrigo@test.com	\N	$2a$10$sVugJaUKZMrodev0GwmyYOdKGnTm7T4ciO4/935r0.p1QhY9pXuB2	\N	2025-10-03 13:22:54.109506	2025-10-28 13:22:54.109506
ffffffff-ffff-ffff-ffff-ffffffffffff	Gabriel Rocha	gabriel@test.com	\N	$2a$10$sVugJaUKZMrodev0GwmyYOdKGnTm7T4ciO4/935r0.p1QhY9pXuB2	\N	2025-10-08 13:22:54.109506	2025-10-28 13:22:54.109506
d913c0fa-fec7-49a1-ba7b-21602fdf43ee	luis fernando boff	luisfboff@hotmail.com	\N	$2a$10$..9RQhiWpMjXNjMBb41TVOu/IYfNCOkNcUVRsaRjDKBBzhwHpyUr2	\N	2025-10-28 13:48:37.257169	2025-10-28 13:48:37.257169
a3724f37-55bf-4cb4-885f-e57c16ed3055	LUIS FERNANDO BOFF	000264770@ufrgs.br	\N	$2a$10$.Twh2WVtr/eu8Z7.G.59Hev/erVs4c7wAsnUrWjJ8AfIJfyW4oNnC	\N	2025-10-29 18:16:11.75586	2025-10-29 18:16:11.75586
4fe52ffd-10eb-4fd8-b3ca-382b242a64ea	VITOR REIS PIROLLI	vitorreispirolli@gmail.com	\N	$2a$10$CKKT0OYOX5KItSSv3oYHzuD3rn50O1cXfaRR5LNpRnz91PYeEY61i	\N	2025-10-29 18:31:50.663894	2025-10-29 18:31:50.663894
\.


--
-- TOC entry 3520 (class 0 OID 65548)
-- Dependencies: 232
-- Data for Name: groups; Type: TABLE DATA; Schema: public; Owner: neondb_owner
--

COPY public.groups (id, name, description, privacy, photo_url, created_by, created_at, updated_at) FROM stdin;
aaaabbbb-cccc-dddd-eeee-111111111111	Pelada do Parque	Pelada de sábado no Parque da Cidade. Racha toda semana!	private	\N	11111111-1111-1111-1111-111111111111	2025-07-30 13:22:54.15121	2025-10-28 13:22:54.15121
aaaabbbb-cccc-dddd-eeee-222222222222	Futebol de Quinta	Racha de quinta-feira à noite. Jogadores experientes.	private	\N	22222222-2222-2222-2222-222222222222	2025-08-29 13:22:54.15121	2025-10-28 13:22:54.15121
9f5a92a6-6cc4-4c9b-87c2-dc943f458359	POKER	\N	private	\N	33333333-3333-3333-3333-333333333333	2025-10-30 18:02:52.712046	2025-10-30 18:02:52.712046
\.


--
-- TOC entry 3531 (class 0 OID 65777)
-- Dependencies: 243
-- Data for Name: charges; Type: TABLE DATA; Schema: public; Owner: neondb_owner
--

COPY public.charges (id, group_id, user_id, type, amount_cents, due_date, status, created_at, updated_at) FROM stdin;
\.


--
-- TOC entry 3534 (class 0 OID 139299)
-- Dependencies: 246
-- Data for Name: draw_configs; Type: TABLE DATA; Schema: public; Owner: neondb_owner
--

COPY public.draw_configs (id, group_id, players_per_team, reserves_per_team, gk_count, defender_count, midfielder_count, forward_count, created_by, created_at, updated_at) FROM stdin;
\.


--
-- TOC entry 3522 (class 0 OID 65589)
-- Dependencies: 234
-- Data for Name: venues; Type: TABLE DATA; Schema: public; Owner: neondb_owner
--

COPY public.venues (id, group_id, name, address, created_at) FROM stdin;
aaaabbbb-1111-1111-1111-111111111111	aaaabbbb-cccc-dddd-eeee-111111111111	Campo do Parque da Cidade	Av. Principal, 1000	2025-07-30 13:47:43.002749
bbbbbbbb-2222-2222-2222-222222222222	aaaabbbb-cccc-dddd-eeee-111111111111	Society Vila Nova	Rua das Flores, 500	2025-08-04 13:47:43.002749
\.


--
-- TOC entry 3523 (class 0 OID 65603)
-- Dependencies: 235
-- Data for Name: events; Type: TABLE DATA; Schema: public; Owner: neondb_owner
--

COPY public.events (id, group_id, starts_at, venue_id, max_players, max_goalkeepers, status, waitlist_enabled, created_by, created_at, updated_at) FROM stdin;
e1111111-1111-1111-1111-111111111111	aaaabbbb-cccc-dddd-eeee-111111111111	2025-10-14 13:47:43.052579	aaaabbbb-1111-1111-1111-111111111111	10	2	finished	t	11111111-1111-1111-1111-111111111111	2025-10-07 13:47:43.052579	2025-10-28 13:47:43.052579
e2222222-2222-2222-2222-222222222222	aaaabbbb-cccc-dddd-eeee-111111111111	2025-10-21 13:47:43.052579	aaaabbbb-1111-1111-1111-111111111111	10	2	finished	t	11111111-1111-1111-1111-111111111111	2025-10-14 13:47:43.052579	2025-10-28 13:47:43.052579
eeeeee11-1111-1111-1111-111111111111	aaaabbbb-cccc-dddd-eeee-111111111111	2025-11-03 13:47:43.100867	aaaabbbb-1111-1111-1111-111111111111	10	2	scheduled	t	11111111-1111-1111-1111-111111111111	2025-10-26 13:47:43.100867	2025-10-28 13:47:43.100867
eeeeee22-2222-2222-2222-222222222222	aaaabbbb-cccc-dddd-eeee-111111111111	2025-11-10 13:47:43.100867	bbbbbbbb-2222-2222-2222-222222222222	10	2	scheduled	t	11111111-1111-1111-1111-111111111111	2025-10-27 13:47:43.100867	2025-10-28 13:47:43.100867
868edc55-7cf8-4c20-ad53-1b85789f88f7	9f5a92a6-6cc4-4c9b-87c2-dc943f458359	2025-11-01 00:00:00	\N	10	2	scheduled	t	33333333-3333-3333-3333-333333333333	2025-10-30 18:03:05.279112	2025-10-30 18:03:05.279112
4ec5d37f-19bf-412c-96b2-4a09430d6736	9f5a92a6-6cc4-4c9b-87c2-dc943f458359	2025-11-01 00:00:00	\N	10	2	scheduled	t	33333333-3333-3333-3333-333333333333	2025-10-30 18:37:28.153819	2025-10-30 18:37:28.153819
\.


--
-- TOC entry 3525 (class 0 OID 65655)
-- Dependencies: 237
-- Data for Name: teams; Type: TABLE DATA; Schema: public; Owner: neondb_owner
--

COPY public.teams (id, event_id, name, seed, is_winner, created_at) FROM stdin;
aaaa1111-1111-1111-1111-111111111111	e1111111-1111-1111-1111-111111111111	Time A	1	t	2025-10-28 13:47:43.230832
bbbb1111-1111-1111-1111-111111111111	e1111111-1111-1111-1111-111111111111	Time B	2	f	2025-10-28 13:47:43.230832
8a3e032c-8c3c-40a1-8264-fa7b796637e5	eeeeee11-1111-1111-1111-111111111111	Time A	0	\N	2025-11-01 20:00:00.412395
99f6b614-6121-4902-a340-5ff56167abd8	eeeeee11-1111-1111-1111-111111111111	Time B	1	\N	2025-11-01 20:00:00.675641
\.


--
-- TOC entry 3527 (class 0 OID 65690)
-- Dependencies: 239
-- Data for Name: event_actions; Type: TABLE DATA; Schema: public; Owner: neondb_owner
--

COPY public.event_actions (id, event_id, actor_user_id, action_type, subject_user_id, team_id, minute, metadata, created_at) FROM stdin;
b45a56f1-fde9-4f1e-a58f-d9d6c53ec98f	e1111111-1111-1111-1111-111111111111	44444444-4444-4444-4444-444444444444	goal	\N	aaaa1111-1111-1111-1111-111111111111	5	\N	2025-10-28 13:47:43.317599
1f3be0bb-67ef-46d5-a696-92553409fddb	e1111111-1111-1111-1111-111111111111	11111111-1111-1111-1111-111111111111	assist	44444444-4444-4444-4444-444444444444	aaaa1111-1111-1111-1111-111111111111	5	\N	2025-10-28 13:47:43.317599
d3469db2-6c2b-4e4e-8cc5-2ea9838a5d99	e1111111-1111-1111-1111-111111111111	55555555-5555-5555-5555-555555555555	goal	\N	aaaa1111-1111-1111-1111-111111111111	12	\N	2025-10-28 13:47:43.317599
e1a3899f-a374-4ff4-9ae7-800aa9b3347d	e1111111-1111-1111-1111-111111111111	77777777-7777-7777-7777-777777777777	goal	\N	aaaa1111-1111-1111-1111-111111111111	23	\N	2025-10-28 13:47:43.317599
fc7aa961-e1fc-4c23-8915-74078e9eb41b	e1111111-1111-1111-1111-111111111111	44444444-4444-4444-4444-444444444444	assist	77777777-7777-7777-7777-777777777777	aaaa1111-1111-1111-1111-111111111111	23	\N	2025-10-28 13:47:43.317599
31d4fc72-292f-48ce-92d3-b4a6e6088b9f	e1111111-1111-1111-1111-111111111111	44444444-4444-4444-4444-444444444444	goal	\N	aaaa1111-1111-1111-1111-111111111111	38	\N	2025-10-28 13:47:43.317599
446eef08-3645-48c0-b5c7-52d5d407de90	e1111111-1111-1111-1111-111111111111	99999999-9999-9999-9999-999999999999	goal	\N	bbbb1111-1111-1111-1111-111111111111	18	\N	2025-10-28 13:47:43.317599
7f4f7bb4-0a85-4183-9dcf-bffdef85074d	e1111111-1111-1111-1111-111111111111	88888888-8888-8888-8888-888888888888	assist	99999999-9999-9999-9999-999999999999	bbbb1111-1111-1111-1111-111111111111	18	\N	2025-10-28 13:47:43.317599
f5a7f4dc-38d1-4b50-bbe2-4b40229cb4b4	e1111111-1111-1111-1111-111111111111	88888888-8888-8888-8888-888888888888	goal	\N	bbbb1111-1111-1111-1111-111111111111	35	\N	2025-10-28 13:47:43.317599
16188805-1491-432d-bb52-2e5679a0c30f	e1111111-1111-1111-1111-111111111111	22222222-2222-2222-2222-222222222222	save	\N	aaaa1111-1111-1111-1111-111111111111	15	\N	2025-10-28 13:47:43.317599
2e217134-5fb4-43d6-b1fa-d45f7f02ac60	e1111111-1111-1111-1111-111111111111	22222222-2222-2222-2222-222222222222	save	\N	aaaa1111-1111-1111-1111-111111111111	28	\N	2025-10-28 13:47:43.317599
\.


--
-- TOC entry 3524 (class 0 OID 65631)
-- Dependencies: 236
-- Data for Name: event_attendance; Type: TABLE DATA; Schema: public; Owner: neondb_owner
--

COPY public.event_attendance (id, event_id, user_id, role, status, checked_in_at, order_of_arrival, created_at, updated_at, preferred_position, secondary_position) FROM stdin;
40575253-5cb3-481e-b1bd-0abfebdee61f	4ec5d37f-19bf-412c-96b2-4a09430d6736	33333333-3333-3333-3333-333333333333	line	yes	\N	\N	2025-10-30 18:40:40.873844	2025-10-30 18:40:40.873844	forward	midfielder
aa0b47c4-70b2-4d27-b4b6-2719887535ba	eeeeee11-1111-1111-1111-111111111111	bbbbbbbb-bbbb-bbbb-bbbb-bbbbbbbbbbbb	line	waitlist	\N	\N	2025-11-01 20:00:13.397134	2025-11-01 20:00:29.705131	midfielder	defender
bcef5965-f6eb-481b-b1ed-8fdf8a1631ee	eeeeee11-1111-1111-1111-111111111111	99999999-9999-9999-9999-999999999999	line	yes	\N	\N	2025-10-28 13:47:43.192566	2025-10-30 21:36:06.318361	midfielder	defender
9adb5ad2-58ca-44d0-b445-61a13d61ef92	e1111111-1111-1111-1111-111111111111	11111111-1111-1111-1111-111111111111	line	yes	2025-10-14 13:47:43.147144	1	2025-10-28 13:47:43.147144	2025-10-28 13:47:43.147144	midfielder	defender
cc21fccd-5368-4fe6-a62a-7aafcc8b412a	e1111111-1111-1111-1111-111111111111	22222222-2222-2222-2222-222222222222	gk	yes	2025-10-14 13:47:43.147144	2	2025-10-28 13:47:43.147144	2025-10-28 13:47:43.147144	defender	midfielder
6fa05981-f05d-46af-a11c-44a61c3688db	e1111111-1111-1111-1111-111111111111	33333333-3333-3333-3333-333333333333	line	yes	2025-10-14 13:47:43.147144	3	2025-10-28 13:47:43.147144	2025-10-28 13:47:43.147144	midfielder	defender
7ba7eed9-61cf-4d16-b8ad-61a02642ed87	e1111111-1111-1111-1111-111111111111	aaaaaaaa-aaaa-aaaa-aaaa-aaaaaaaaaaaa	line	yes	2025-10-14 13:47:43.147144	10	2025-10-28 13:47:43.147144	2025-10-28 13:47:43.147144	midfielder	defender
9606e063-7405-44e3-a1cf-7adede37584a	e1111111-1111-1111-1111-111111111111	88888888-8888-8888-8888-888888888888	line	yes	2025-10-14 13:47:43.147144	8	2025-10-28 13:47:43.147144	2025-10-28 13:47:43.147144	midfielder	defender
f5669ed0-79ab-481d-9e75-68f3e4d9490e	eeeeee11-1111-1111-1111-111111111111	22222222-2222-2222-2222-222222222222	gk	yes	\N	\N	2025-10-28 13:47:43.192566	2025-10-28 13:47:43.192566	midfielder	defender
e2ec7338-1ad3-4403-b50e-3c08f019f54f	eeeeee11-1111-1111-1111-111111111111	11111111-1111-1111-1111-111111111111	line	yes	\N	\N	2025-10-28 13:47:43.192566	2025-10-28 13:47:43.192566	defender	midfielder
f0080365-6d63-461a-ac58-2cc0209a1405	eeeeee11-1111-1111-1111-111111111111	88888888-8888-8888-8888-888888888888	line	yes	\N	\N	2025-10-28 13:47:43.192566	2025-10-28 13:47:43.192566	defender	midfielder
df2c9f0e-5e93-4d04-98c7-c5daec4f0149	eeeeee11-1111-1111-1111-111111111111	55555555-5555-5555-5555-555555555555	line	yes	\N	\N	2025-10-28 13:47:43.192566	2025-10-28 13:47:43.192566	defender	midfielder
3a5defc1-5208-42e0-8571-0d70f1b4e89d	e1111111-1111-1111-1111-111111111111	66666666-6666-6666-6666-666666666666	line	yes	2025-10-14 13:47:43.147144	6	2025-10-28 13:47:43.147144	2025-10-28 13:47:43.147144	forward	defender
45a7cea4-c820-4a97-9593-599d51d129dd	e1111111-1111-1111-1111-111111111111	99999999-9999-9999-9999-999999999999	line	yes	2025-10-14 13:47:43.147144	9	2025-10-28 13:47:43.147144	2025-10-28 13:47:43.147144	forward	defender
49121c56-5f9b-4489-8413-a757324dfacf	e1111111-1111-1111-1111-111111111111	77777777-7777-7777-7777-777777777777	line	yes	2025-10-14 13:47:43.147144	7	2025-10-28 13:47:43.147144	2025-10-28 13:47:43.147144	midfielder	defender
27f66c3f-ed09-46e9-a013-08dd303c386d	e1111111-1111-1111-1111-111111111111	55555555-5555-5555-5555-555555555555	line	yes	2025-10-14 13:47:43.147144	5	2025-10-28 13:47:43.147144	2025-10-28 13:47:43.147144	gk	forward
29003335-6bd9-47e1-8943-570dd3d4e236	e1111111-1111-1111-1111-111111111111	44444444-4444-4444-4444-444444444444	line	yes	2025-10-14 13:47:43.147144	4	2025-10-28 13:47:43.147144	2025-10-28 13:47:43.147144	gk	forward
d72ec2cf-413f-47f6-a19b-ba176831dfb4	eeeeee11-1111-1111-1111-111111111111	33333333-3333-3333-3333-333333333333	gk	yes	\N	\N	2025-11-01 19:32:43.3777	2025-11-01 19:32:43.3777	gk	defender
5e3036d4-0052-47b0-af31-f8a8503e4eb9	eeeeee11-1111-1111-1111-111111111111	cccccccc-cccc-cccc-cccc-cccccccccccc	line	yes	\N	\N	2025-11-01 19:33:11.441205	2025-11-01 19:33:11.441205	defender	midfielder
f99bb504-9b6d-4a44-81a4-dd180d9e1a00	eeeeee11-1111-1111-1111-111111111111	66666666-6666-6666-6666-666666666666	line	yes	\N	\N	2025-11-01 19:39:32.909832	2025-11-01 19:39:32.909832	forward	midfielder
757decf1-513c-4dcc-819e-2094df233426	eeeeee11-1111-1111-1111-111111111111	44444444-4444-4444-4444-444444444444	line	yes	\N	\N	2025-11-01 19:39:45.445114	2025-11-01 19:39:45.445114	forward	midfielder
4ce60700-f4ec-4702-bbb1-0f1bdcc07068	eeeeee11-1111-1111-1111-111111111111	77777777-7777-7777-7777-777777777777	line	yes	\N	\N	2025-11-01 19:39:57.180575	2025-11-01 19:39:57.180575	defender	forward
906a9dda-69ca-4fd2-b82b-57e63e70a4da	eeeeee11-1111-1111-1111-111111111111	aaaaaaaa-aaaa-aaaa-aaaa-aaaaaaaaaaaa	line	waitlist	\N	\N	2025-11-01 20:00:19.957441	2025-11-01 20:00:19.957441	defender	forward
\.


--
-- TOC entry 3521 (class 0 OID 65565)
-- Dependencies: 233
-- Data for Name: group_members; Type: TABLE DATA; Schema: public; Owner: neondb_owner
--

COPY public.group_members (id, user_id, group_id, role, is_goalkeeper, base_rating, joined_at) FROM stdin;
6e641a8d-5e74-427a-b022-a6cdc4a5844d	11111111-1111-1111-1111-111111111111	aaaabbbb-cccc-dddd-eeee-111111111111	admin	f	7	2025-07-30 13:22:54.193494
c372b285-7bc9-487b-9e21-7ef1d64b7e39	22222222-2222-2222-2222-222222222222	aaaabbbb-cccc-dddd-eeee-111111111111	member	t	8	2025-07-31 13:22:54.193494
d6ad5b70-4395-40d8-863a-a06fb0729041	44444444-4444-4444-4444-444444444444	aaaabbbb-cccc-dddd-eeee-111111111111	member	f	8	2025-08-02 13:22:54.193494
3b912d74-fd12-4c8a-aa0c-6b3fa08ece3e	55555555-5555-5555-5555-555555555555	aaaabbbb-cccc-dddd-eeee-111111111111	member	f	7	2025-08-03 13:22:54.193494
2cbf1dab-a3d8-483c-b6ca-32ffbb65ef32	66666666-6666-6666-6666-666666666666	aaaabbbb-cccc-dddd-eeee-111111111111	member	f	5	2025-08-04 13:22:54.193494
fd116b6b-9635-46a5-ade4-0d56f2dd6bc3	77777777-7777-7777-7777-777777777777	aaaabbbb-cccc-dddd-eeee-111111111111	member	f	7	2025-08-05 13:22:54.193494
82a6b87f-2457-441c-971f-1a7f45c9b9eb	88888888-8888-8888-8888-888888888888	aaaabbbb-cccc-dddd-eeee-111111111111	member	f	6	2025-08-06 13:22:54.193494
ffae2867-1122-44b4-a9d0-d7b50dd09b7b	99999999-9999-9999-9999-999999999999	aaaabbbb-cccc-dddd-eeee-111111111111	member	f	8	2025-08-07 13:22:54.193494
825b87d6-3a15-47a3-8cc8-47fa8d121015	aaaaaaaa-aaaa-aaaa-aaaa-aaaaaaaaaaaa	aaaabbbb-cccc-dddd-eeee-111111111111	member	f	7	2025-08-08 13:22:54.193494
83fe7524-ae0f-4b48-8585-c14764a993c9	bbbbbbbb-bbbb-bbbb-bbbb-bbbbbbbbbbbb	aaaabbbb-cccc-dddd-eeee-111111111111	member	t	7	2025-08-09 13:22:54.193494
1ac869fd-0735-4cce-883a-1e649c0c35a3	cccccccc-cccc-cccc-cccc-cccccccccccc	aaaabbbb-cccc-dddd-eeee-111111111111	member	f	6	2025-08-10 13:22:54.193494
eb3d0c60-473e-4d7c-ab54-a81a2b499531	22222222-2222-2222-2222-222222222222	aaaabbbb-cccc-dddd-eeee-222222222222	admin	f	8	2025-08-29 13:22:54.234908
7696293b-0119-4fc3-aeb6-26effd9c0691	55555555-5555-5555-5555-555555555555	aaaabbbb-cccc-dddd-eeee-222222222222	member	t	8	2025-08-31 13:22:54.234908
93dda604-a7a9-4b01-b724-627272604319	77777777-7777-7777-7777-777777777777	aaaabbbb-cccc-dddd-eeee-222222222222	member	f	7	2025-09-01 13:22:54.234908
8e666a2d-f7fc-46d4-8234-2c6b08440e9b	99999999-9999-9999-9999-999999999999	aaaabbbb-cccc-dddd-eeee-222222222222	member	f	6	2025-09-02 13:22:54.234908
32a447b8-3c19-4543-8422-bd107a971d50	bbbbbbbb-bbbb-bbbb-bbbb-bbbbbbbbbbbb	aaaabbbb-cccc-dddd-eeee-222222222222	member	f	7	2025-09-03 13:22:54.234908
10a94b53-b7ae-486e-b8ef-d07d3652ec20	dddddddd-dddd-dddd-dddd-dddddddddddd	aaaabbbb-cccc-dddd-eeee-222222222222	member	f	8	2025-09-04 13:22:54.234908
b562c736-fbba-4baf-b67b-63be058073da	eeeeeeee-eeee-eeee-eeee-eeeeeeeeeeee	aaaabbbb-cccc-dddd-eeee-222222222222	member	t	7	2025-09-05 13:22:54.234908
74171546-eeef-45bb-8731-14477c215d51	ffffffff-ffff-ffff-ffff-ffffffffffff	aaaabbbb-cccc-dddd-eeee-222222222222	member	f	6	2025-09-06 13:22:54.234908
0032a708-138b-4475-bb13-322bfb721308	11111111-1111-1111-1111-111111111111	aaaabbbb-cccc-dddd-eeee-222222222222	member	f	7	2025-09-07 13:22:54.234908
d29a649f-ff44-4208-be37-299daffad642	33333333-3333-3333-3333-333333333333	9f5a92a6-6cc4-4c9b-87c2-dc943f458359	admin	f	5	2025-10-30 18:02:52.836149
3a590d45-de51-4cf0-b0c8-020dae1186e9	33333333-3333-3333-3333-333333333333	aaaabbbb-cccc-dddd-eeee-222222222222	admin	f	7	2025-08-30 13:22:54.234908
be8e9dfc-490c-42d8-9b78-e4ed41f16c99	33333333-3333-3333-3333-333333333333	aaaabbbb-cccc-dddd-eeee-111111111111	admin	f	6	2025-08-01 13:22:54.193494
\.


--
-- TOC entry 3529 (class 0 OID 65747)
-- Dependencies: 241
-- Data for Name: invites; Type: TABLE DATA; Schema: public; Owner: neondb_owner
--

COPY public.invites (id, group_id, code, created_by, expires_at, max_uses, used_count, created_at) FROM stdin;
70155f82-d675-4959-bb3c-913ec7d13abd	aaaabbbb-cccc-dddd-eeee-111111111111	PARQUE2024	11111111-1111-1111-1111-111111111111	\N	\N	10	2025-10-28 13:47:43.493218
33b2b5a0-59d4-4260-9c2f-44703ea70912	9f5a92a6-6cc4-4c9b-87c2-dc943f458359	E38CJTBN	33333333-3333-3333-3333-333333333333	\N	\N	0	2025-10-30 18:02:53.081848
\.


--
-- TOC entry 3528 (class 0 OID 65720)
-- Dependencies: 240
-- Data for Name: player_ratings; Type: TABLE DATA; Schema: public; Owner: neondb_owner
--

COPY public.player_ratings (id, event_id, rater_user_id, rated_user_id, score, tags, created_at) FROM stdin;
e182de56-f27d-46fe-bfad-c213d368d144	e1111111-1111-1111-1111-111111111111	11111111-1111-1111-1111-111111111111	44444444-4444-4444-4444-444444444444	9	{mvp,artilheiro}	2025-10-28 13:47:43.403347
e6573016-95a4-409a-8560-8f27cdfd35b7	e1111111-1111-1111-1111-111111111111	11111111-1111-1111-1111-111111111111	22222222-2222-2222-2222-222222222222	8	{paredao}	2025-10-28 13:47:43.403347
fdc3145e-86de-4f90-8a5d-54b4d762022e	e1111111-1111-1111-1111-111111111111	22222222-2222-2222-2222-222222222222	44444444-4444-4444-4444-444444444444	9	{mvp}	2025-10-28 13:47:43.403347
7baf353b-ba2d-40ca-9dbe-2ab9191813d4	e1111111-1111-1111-1111-111111111111	22222222-2222-2222-2222-222222222222	77777777-7777-7777-7777-777777777777	8	{garcom}	2025-10-28 13:47:43.403347
\.


--
-- TOC entry 3526 (class 0 OID 65668)
-- Dependencies: 238
-- Data for Name: team_members; Type: TABLE DATA; Schema: public; Owner: neondb_owner
--

COPY public.team_members (id, team_id, user_id, "position", starter, created_at) FROM stdin;
9635eac8-cee9-457a-ae87-b302b0b7cdb3	aaaa1111-1111-1111-1111-111111111111	22222222-2222-2222-2222-222222222222	gk	t	2025-10-28 13:47:43.272145
b0e8e86e-6f26-496e-9606-8fd3755fbc14	aaaa1111-1111-1111-1111-111111111111	11111111-1111-1111-1111-111111111111	line	t	2025-10-28 13:47:43.272145
a0c24b2f-6f61-402c-ab8a-1c88cc90f9c5	aaaa1111-1111-1111-1111-111111111111	44444444-4444-4444-4444-444444444444	line	t	2025-10-28 13:47:43.272145
e529977b-f760-4b2b-81bd-88555aa3e47a	aaaa1111-1111-1111-1111-111111111111	55555555-5555-5555-5555-555555555555	line	t	2025-10-28 13:47:43.272145
3fef969e-1020-47e7-964d-5a227c708ee1	aaaa1111-1111-1111-1111-111111111111	77777777-7777-7777-7777-777777777777	line	t	2025-10-28 13:47:43.272145
e0476d44-452e-4f72-b084-276a4a81a5f7	bbbb1111-1111-1111-1111-111111111111	33333333-3333-3333-3333-333333333333	line	t	2025-10-28 13:47:43.272145
24f1b773-bf35-4cdd-9fd7-d6e25f0606a0	bbbb1111-1111-1111-1111-111111111111	66666666-6666-6666-6666-666666666666	line	t	2025-10-28 13:47:43.272145
2dba84b5-1b16-431c-8f05-785354ce5d0e	bbbb1111-1111-1111-1111-111111111111	88888888-8888-8888-8888-888888888888	line	t	2025-10-28 13:47:43.272145
2f9e04e9-7521-4369-8ba7-8e2d6c9459f8	bbbb1111-1111-1111-1111-111111111111	99999999-9999-9999-9999-999999999999	line	t	2025-10-28 13:47:43.272145
46e1a52c-f220-427f-8bf0-a226b40b47a8	bbbb1111-1111-1111-1111-111111111111	aaaaaaaa-aaaa-aaaa-aaaa-aaaaaaaaaaaa	line	t	2025-10-28 13:47:43.272145
250c6e44-1aae-41bc-9ade-6eba93d1f8f9	8a3e032c-8c3c-40a1-8264-fa7b796637e5	33333333-3333-3333-3333-333333333333	gk	t	2025-11-01 20:00:00.45887
443ed2a4-28c7-431f-84ff-46cb4488c73f	8a3e032c-8c3c-40a1-8264-fa7b796637e5	55555555-5555-5555-5555-555555555555	defender	t	2025-11-01 20:00:00.501865
ced3f5fc-69ad-4bc1-b34e-da6a7ba4a5ca	8a3e032c-8c3c-40a1-8264-fa7b796637e5	88888888-8888-8888-8888-888888888888	defender	t	2025-11-01 20:00:00.546099
d4753296-7b37-4d2f-a4cb-43e184b0deb2	8a3e032c-8c3c-40a1-8264-fa7b796637e5	99999999-9999-9999-9999-999999999999	midfielder	t	2025-11-01 20:00:00.5893
58a41b33-0fb2-489f-a0e8-e00a591ab5da	8a3e032c-8c3c-40a1-8264-fa7b796637e5	66666666-6666-6666-6666-666666666666	forward	t	2025-11-01 20:00:00.632395
c7d1be6a-7bae-4171-a173-4ec4bf8890b6	99f6b614-6121-4902-a340-5ff56167abd8	11111111-1111-1111-1111-111111111111	defender	t	2025-11-01 20:00:00.718997
de588063-6b4b-4706-a1a8-9d1a558a7bcd	99f6b614-6121-4902-a340-5ff56167abd8	77777777-7777-7777-7777-777777777777	defender	t	2025-11-01 20:00:00.760666
d0a62c89-428b-483a-bf68-2f048f83c264	99f6b614-6121-4902-a340-5ff56167abd8	22222222-2222-2222-2222-222222222222	midfielder	t	2025-11-01 20:00:00.804091
75d4a80a-e611-457a-97ae-2188dfdfe49e	99f6b614-6121-4902-a340-5ff56167abd8	44444444-4444-4444-4444-444444444444	forward	t	2025-11-01 20:00:00.846877
e24a997e-ed90-481d-9df3-1de17f45d554	99f6b614-6121-4902-a340-5ff56167abd8	cccccccc-cccc-cccc-cccc-cccccccccccc	defender	t	2025-11-01 20:00:00.890021
\.


--
-- TOC entry 3530 (class 0 OID 65767)
-- Dependencies: 242
-- Data for Name: wallets; Type: TABLE DATA; Schema: public; Owner: neondb_owner
--

COPY public.wallets (id, owner_type, owner_id, balance_cents, created_at, updated_at) FROM stdin;
8f4dd62f-d29c-499c-9c6b-abb429a24b9b	group	aaaabbbb-cccc-dddd-eeee-111111111111	25000	2025-10-28 13:47:43.448238	2025-10-28 13:47:43.448238
0cba0d23-32f3-42af-8fce-b78c4dadd843	group	aaaabbbb-cccc-dddd-eeee-222222222222	18000	2025-10-28 13:47:43.448238	2025-10-28 13:47:43.448238
8912acb5-77fc-4dd8-b784-f122e9bece61	group	9f5a92a6-6cc4-4c9b-87c2-dc943f458359	0	2025-10-30 18:02:52.959014	2025-10-30 18:02:52.959014
\.


--
-- TOC entry 3532 (class 0 OID 65798)
-- Dependencies: 244
-- Data for Name: transactions; Type: TABLE DATA; Schema: public; Owner: neondb_owner
--

COPY public.transactions (id, wallet_id, charge_id, type, amount_cents, method, notes, created_by, created_at) FROM stdin;
\.


-- Completed on 2025-11-01 17:07:21

--
-- PostgreSQL database dump complete
--

\unrestrict XysqDaL4tIR17l4rw5McumNjwpaI5Nf8Z9z8wdVYGXmIQ11EirLQl3pvZE8NBMJ

